"resolution","score","stat","analysis","genotype_form","correlation","p_value"
1,"CV_t","min","global","combined",-0.305696202531646,0.001
1,"CV_t","max","global","combined",-0.0455696202531646,0.586
1,"CV_t","mean","global","combined",-0.187341772151899,0.014
1,"CV_t","median","global","combined",-0.187341772151899,0.012
1,"CV_t","slope","global","combined",-0.486708860759494,0.001
1,"CV_t","range","global","combined",0.838607594936709,0.001
1,"CV_t","variance","global","combined",0.838607594936709,0.001
1,"CV_t","mean_lower","global","combined",-0.108227848101266,0.159
1,"CV_t","mean_upper","global","combined",-0.237341772151899,0.001
1,"RN","min","global","combined",0.174683544303797,0.019
1,"RN","max","global","combined",0.0183544303797468,0.812
1,"RN","mean","global","combined",0.104430379746835,0.173
1,"RN","median","global","combined",0.104430379746835,0.172
1,"RN","slope","global","combined",1,0.001
1,"RN","range","global","combined",-0.560759493670886,0.001
1,"RN","variance","global","combined",-0.560759493670886,0.001
1,"RN","mean_lower","global","combined",-0.079746835443038,0.345
1,"RN","mean_upper","global","combined",0.256962025316456,0.002
1,"RNN","min","global","combined",NA,NA
1,"RNN","max","global","combined",NA,NA
1,"RNN","mean","global","combined",NA,NA
1,"RNN","median","global","combined",NA,NA
1,"RNN","slope","global","combined",NA,NA
1,"RNN","range","global","combined",NA,NA
1,"RNN","variance","global","combined",NA,NA
1,"RNN","mean_lower","global","combined",NA,NA
1,"RNN","mean_upper","global","combined",NA,NA
1,"D_slope","min","global","combined",-0.144303797468354,0.06
1,"D_slope","max","global","combined",0.115822784810127,0.119
1,"D_slope","mean","global","combined",-0.0259493670886076,0.73
1,"D_slope","median","global","combined",-0.0259493670886076,0.736
1,"D_slope","slope","global","combined",-0.560759493670886,0.001
1,"D_slope","range","global","combined",1,0.001
1,"D_slope","variance","global","combined",1,0.001
1,"D_slope","mean_lower","global","combined",0.0455696202531646,0.556
1,"D_slope","mean_upper","global","combined",-0.0784810126582278,0.301
1,"RC","min","global","combined",-0.305696202531646,0.001
1,"RC","max","global","combined",-0.0455696202531646,0.541
1,"RC","mean","global","combined",-0.187341772151899,0.018
1,"RC","median","global","combined",-0.187341772151899,0.014
1,"RC","slope","global","combined",-0.486708860759494,0.001
1,"RC","range","global","combined",0.838607594936709,0.001
1,"RC","variance","global","combined",0.838607594936709,0.001
1,"RC","mean_lower","global","combined",-0.108227848101266,0.17
1,"RC","mean_upper","global","combined",-0.237341772151899,0.002
1,"gPi","min","global","combined",-0.305696202531646,0.001
1,"gPi","max","global","combined",-0.0455696202531646,0.552
1,"gPi","mean","global","combined",-0.187341772151899,0.013
1,"gPi","median","global","combined",-0.187341772151899,0.019
1,"gPi","slope","global","combined",-0.486708860759494,0.001
1,"gPi","range","global","combined",0.838607594936709,0.001
1,"gPi","variance","global","combined",0.838607594936709,0.001
1,"gPi","mean_lower","global","combined",-0.108227848101266,0.165
1,"gPi","mean_upper","global","combined",-0.237341772151899,0.005
1,"PPF","min","global","combined",-0.286708860759494,0.001
1,"PPF","max","global","combined",-0.0278481012658228,0.731
1,"PPF","mean","global","combined",-0.169620253164557,0.025
1,"PPF","median","global","combined",-0.169620253164557,0.024
1,"PPF","slope","global","combined",-0.462658227848101,0.001
1,"PPF","range","global","combined",0.85,0.001
1,"PPF","variance","global","combined",0.85,0.001
1,"PPF","mean_lower","global","combined",-0.104430379746835,0.163
1,"PPF","mean_upper","global","combined",-0.217088607594937,0.003
1,"PPi","min","global","combined",-0.305696202531646,0.001
1,"PPi","max","global","combined",-0.0455696202531646,0.558
1,"PPi","mean","global","combined",-0.187341772151899,0.012
1,"PPi","median","global","combined",-0.187341772151899,0.018
1,"PPi","slope","global","combined",-0.486708860759494,0.001
1,"PPi","range","global","combined",0.838607594936709,0.001
1,"PPi","variance","global","combined",0.838607594936709,0.001
1,"PPi","mean_lower","global","combined",-0.108227848101266,0.138
1,"PPi","mean_upper","global","combined",-0.237341772151899,0.001
1,"PImd","min","global","combined",-0.305696202531646,0.001
1,"PImd","max","global","combined",-0.0455696202531646,0.541
1,"PImd","mean","global","combined",-0.187341772151899,0.014
1,"PImd","median","global","combined",-0.187341772151899,0.012
1,"PImd","slope","global","combined",-0.486708860759494,0.001
1,"PImd","range","global","combined",0.838607594936709,0.001
1,"PImd","variance","global","combined",0.838607594936709,0.001
1,"PImd","mean_lower","global","combined",-0.108227848101266,0.151
1,"PImd","mean_upper","global","combined",-0.237341772151899,0.002
1,"PILSM","min","global","combined",-0.305696202531646,0.001
1,"PILSM","max","global","combined",-0.0455696202531646,0.524
1,"PILSM","mean","global","combined",-0.187341772151899,0.016
1,"PILSM","median","global","combined",-0.187341772151899,0.017
1,"PILSM","slope","global","combined",-0.486708860759494,0.001
1,"PILSM","range","global","combined",0.838607594936709,0.001
1,"PILSM","variance","global","combined",0.838607594936709,0.001
1,"PILSM","mean_lower","global","combined",-0.108227848101266,0.153
1,"PILSM","mean_upper","global","combined",-0.237341772151899,0.002
1,"RTR","min","global","combined",0.272151898734177,0.001
1,"RTR","max","global","combined",0.115822784810127,0.105
1,"RTR","mean","global","combined",0.201898734177215,0.007
1,"RTR","median","global","combined",0.201898734177215,0.007
1,"RTR","slope","global","combined",0.888607594936709,0.001
1,"RTR","range","global","combined",-0.463291139240506,0.001
1,"RTR","variance","global","combined",-0.463291139240506,0.001
1,"RTR","mean_lower","global","combined",0.0177215189873418,0.814
1,"RTR","mean_upper","global","combined",0.354430379746835,0.001
1,"PIR","min","global","combined",-0.307594936708861,0.001
1,"PIR","max","global","combined",-0.0512658227848101,0.502
1,"PIR","mean","global","combined",-0.193037974683544,0.006
1,"PIR","median","global","combined",-0.193037974683544,0.015
1,"PIR","slope","global","combined",-0.512658227848101,0.001
1,"PIR","range","global","combined",0.822784810126582,0.001
1,"PIR","variance","global","combined",0.822784810126582,0.001
1,"PIR","mean_lower","global","combined",-0.0936708860759494,0.229
1,"PIR","mean_upper","global","combined",-0.255696202531646,0.001
1,"RDPI","min","global","combined",-0.305696202531646,0.001
1,"RDPI","max","global","combined",-0.0455696202531646,0.522
1,"RDPI","mean","global","combined",-0.187341772151899,0.016
1,"RDPI","median","global","combined",-0.187341772151899,0.019
1,"RDPI","slope","global","combined",-0.486708860759494,0.001
1,"RDPI","range","global","combined",0.838607594936709,0.001
1,"RDPI","variance","global","combined",0.838607594936709,0.001
1,"RDPI","mean_lower","global","combined",-0.108227848101266,0.148
1,"RDPI","mean_upper","global","combined",-0.237341772151899,0.001
1,"ESPI","min","global","combined",-0.144303797468354,0.077
1,"ESPI","max","global","combined",0.115822784810127,0.13
1,"ESPI","mean","global","combined",-0.0259493670886076,0.757
1,"ESPI","median","global","combined",-0.0259493670886076,0.726
1,"ESPI","slope","global","combined",-0.560759493670886,0.001
1,"ESPI","range","global","combined",1,0.001
1,"ESPI","variance","global","combined",1,0.001
1,"ESPI","mean_lower","global","combined",0.0455696202531646,0.533
1,"ESPI","mean_upper","global","combined",-0.0784810126582278,0.309
1,"ESPIID","min","global","combined",-0.144303797468354,0.072
1,"ESPIID","max","global","combined",0.115822784810127,0.125
1,"ESPIID","mean","global","combined",-0.0259493670886076,0.758
1,"ESPIID","median","global","combined",-0.0259493670886076,0.738
1,"ESPIID","slope","global","combined",-0.560759493670886,0.001
1,"ESPIID","range","global","combined",1,0.001
1,"ESPIID","variance","global","combined",1,0.001
1,"ESPIID","mean_lower","global","combined",0.0455696202531646,0.568
1,"ESPIID","mean_upper","global","combined",-0.0784810126582278,0.307
1,"PSI","min","global","combined",0.144303797468354,0.056
1,"PSI","max","global","combined",-0.115822784810127,0.131
1,"PSI","mean","global","combined",0.0259493670886076,0.727
1,"PSI","median","global","combined",0.0259493670886076,0.718
1,"PSI","slope","global","combined",0.560759493670886,0.001
1,"PSI","range","global","combined",-1,0.001
1,"PSI","variance","global","combined",-1,0.001
1,"PSI","mean_lower","global","combined",-0.0455696202531646,0.54
1,"PSI","mean_upper","global","combined",0.0784810126582278,0.315
1,"RPI","min","global","combined",-0.305696202531646,0.001
1,"RPI","max","global","combined",-0.0455696202531646,0.553
1,"RPI","mean","global","combined",-0.187341772151899,0.013
1,"RPI","median","global","combined",-0.187341772151899,0.016
1,"RPI","slope","global","combined",-0.486708860759494,0.001
1,"RPI","range","global","combined",0.838607594936709,0.001
1,"RPI","variance","global","combined",0.838607594936709,0.001
1,"RPI","mean_lower","global","combined",-0.108227848101266,0.157
1,"RPI","mean_upper","global","combined",-0.237341772151899,0.001
1,"PQ","min","global","combined",-0.144303797468354,0.065
1,"PQ","max","global","combined",0.115822784810127,0.146
1,"PQ","mean","global","combined",-0.0259493670886076,0.73
1,"PQ","median","global","combined",-0.0259493670886076,0.751
1,"PQ","slope","global","combined",-0.560759493670886,0.001
1,"PQ","range","global","combined",1,0.001
1,"PQ","variance","global","combined",1,0.001
1,"PQ","mean_lower","global","combined",0.0455696202531646,0.565
1,"PQ","mean_upper","global","combined",-0.0784810126582278,0.284
1,"PR","min","global","combined",-0.144303797468354,0.066
1,"PR","max","global","combined",0.115822784810127,0.137
1,"PR","mean","global","combined",-0.0259493670886076,0.755
1,"PR","median","global","combined",-0.0259493670886076,0.737
1,"PR","slope","global","combined",-0.560759493670886,0.001
1,"PR","range","global","combined",1,0.001
1,"PR","variance","global","combined",1,0.001
1,"PR","mean_lower","global","combined",0.0455696202531646,0.558
1,"PR","mean_upper","global","combined",-0.0784810126582278,0.293
1,"NRW","min","global","combined",-0.144303797468354,0.066
1,"NRW","max","global","combined",0.115822784810127,0.145
1,"NRW","mean","global","combined",-0.0259493670886076,0.729
1,"NRW","median","global","combined",-0.0259493670886076,0.748
1,"NRW","slope","global","combined",-0.560759493670886,0.001
1,"NRW","range","global","combined",1,0.001
1,"NRW","variance","global","combined",1,0.001
1,"NRW","mean_lower","global","combined",0.0455696202531646,0.566
1,"NRW","mean_upper","global","combined",-0.0784810126582278,0.298
1,"ESP","min","global","combined",-0.305696202531646,0.001
1,"ESP","max","global","combined",-0.0455696202531646,0.537
1,"ESP","mean","global","combined",-0.187341772151899,0.017
1,"ESP","median","global","combined",-0.187341772151899,0.017
1,"ESP","slope","global","combined",-0.486708860759494,0.001
1,"ESP","range","global","combined",0.838607594936709,0.001
1,"ESP","variance","global","combined",0.838607594936709,0.001
1,"ESP","mean_lower","global","combined",-0.108227848101266,0.151
1,"ESP","mean_upper","global","combined",-0.237341772151899,0.002
1,"CEV","min","global","combined",-0.305696202531646,0.001
1,"CEV","max","global","combined",-0.0455696202531646,0.555
1,"CEV","mean","global","combined",-0.187341772151899,0.019
1,"CEV","median","global","combined",-0.187341772151899,0.018
1,"CEV","slope","global","combined",-0.486708860759494,0.001
1,"CEV","range","global","combined",0.838607594936709,0.001
1,"CEV","variance","global","combined",0.838607594936709,0.001
1,"CEV","mean_lower","global","combined",-0.108227848101266,0.158
1,"CEV","mean_upper","global","combined",-0.237341772151899,0.003
1,"PFI","min","global","combined",-0.305696202531646,0.001
1,"PFI","max","global","combined",-0.0455696202531646,0.554
1,"PFI","mean","global","combined",-0.187341772151899,0.017
1,"PFI","median","global","combined",-0.187341772151899,0.018
1,"PFI","slope","global","combined",-0.486708860759494,0.001
1,"PFI","range","global","combined",0.838607594936709,0.001
1,"PFI","variance","global","combined",0.838607594936709,0.001
1,"PFI","mean_lower","global","combined",-0.108227848101266,0.162
1,"PFI","mean_upper","global","combined",-0.237341772151899,0.001
1,"APC","min","global","combined",-0.144303797468354,0.066
1,"APC","max","global","combined",0.115822784810127,0.128
1,"APC","mean","global","combined",-0.0259493670886076,0.746
1,"APC","median","global","combined",-0.0259493670886076,0.718
1,"APC","slope","global","combined",-0.560759493670886,0.001
1,"APC","range","global","combined",1,0.001
1,"APC","variance","global","combined",1,0.001
1,"APC","mean_lower","global","combined",0.0455696202531646,0.533
1,"APC","mean_upper","global","combined",-0.0784810126582278,0.294
1,"SI","min","global","combined",-0.243037974683544,0.002
1,"SI","max","global","combined",0.0170886075949367,0.835
1,"SI","mean","global","combined",-0.124683544303797,0.099
1,"SI","median","global","combined",-0.124683544303797,0.106
1,"SI","slope","global","combined",-0.516455696202532,0.001
1,"SI","range","global","combined",0.90126582278481,0.001
1,"SI","variance","global","combined",0.90126582278481,0.001
1,"SI","mean_lower","global","combined",-0.0455696202531646,0.566
1,"SI","mean_upper","global","combined",-0.177215189873418,0.035
1,"RSI","min","global","combined",0.305696202531646,0.001
1,"RSI","max","global","combined",0.0455696202531646,0.561
1,"RSI","mean","global","combined",0.187341772151899,0.015
1,"RSI","median","global","combined",0.187341772151899,0.017
1,"RSI","slope","global","combined",0.486708860759494,0.001
1,"RSI","range","global","combined",-0.838607594936709,0.001
1,"RSI","variance","global","combined",-0.838607594936709,0.001
1,"RSI","mean_lower","global","combined",0.108227848101266,0.175
1,"RSI","mean_upper","global","combined",0.237341772151899,0.002
1,"EVS","min","global","combined",-0.144303797468354,0.065
1,"EVS","max","global","combined",0.115822784810127,0.122
1,"EVS","mean","global","combined",-0.0259493670886076,0.759
1,"EVS","median","global","combined",-0.0259493670886076,0.715
1,"EVS","slope","global","combined",-0.560759493670886,0.001
1,"EVS","range","global","combined",1,0.001
1,"EVS","variance","global","combined",1,0.001
1,"EVS","mean_lower","global","combined",0.0455696202531646,0.563
1,"EVS","mean_upper","global","combined",-0.0784810126582278,0.3
1,"CV_t","min","local","linear",-0.326315789473684,0.049
1,"CV_t","max","local","linear",-0.0947368421052632,0.583
1,"CV_t","mean","local","linear",-0.189473684210526,0.25
1,"CV_t","median","local","linear",-0.189473684210526,0.239
1,"CV_t","slope","local","linear",0.105263157894737,0.539
1,"CV_t","range","local","linear",0.631578947368421,0.001
1,"CV_t","variance","local","linear",0.631578947368421,0.001
1,"CV_t","mean_lower","local","linear",-0.210526315789474,0.205
1,"CV_t","mean_upper","local","linear",-0.147368421052632,0.407
1,"CV_t","min","local","gaussian",-0.442105263157895,0.003
1,"CV_t","max","local","gaussian",-0.442105263157895,0.012
1,"CV_t","mean","local","gaussian",-0.442105263157895,0.011
1,"CV_t","median","local","gaussian",-0.442105263157895,0.01
1,"CV_t","slope","local","gaussian",-0.589473684210526,0.001
1,"CV_t","range","local","gaussian",0.589473684210526,0.001
1,"CV_t","variance","local","gaussian",0.589473684210526,0.001
1,"CV_t","mean_lower","local","gaussian",-0.442105263157895,0.006
1,"CV_t","mean_upper","local","gaussian",-0.442105263157895,0.01
1,"CV_t","min","local","sinusoidal",-0.589473684210526,0.001
1,"CV_t","max","local","sinusoidal",-0.410526315789474,0.016
1,"CV_t","mean","local","sinusoidal",-0.536842105263158,0.001
1,"CV_t","median","local","sinusoidal",-0.536842105263158,0.001
1,"CV_t","slope","local","sinusoidal",-0.6,0.001
1,"CV_t","range","local","sinusoidal",0.6,0.001
1,"CV_t","variance","local","sinusoidal",0.6,0.001
1,"CV_t","mean_lower","local","sinusoidal",-0.410526315789474,0.019
1,"CV_t","mean_upper","local","sinusoidal",-0.589473684210526,0.001
1,"CV_t","min","local","wave",-0.557894736842105,0.002
1,"CV_t","max","local","wave",-0.515789473684211,0.001
1,"CV_t","mean","local","wave",-0.536842105263158,0.001
1,"CV_t","median","local","wave",-0.536842105263158,0.001
1,"CV_t","slope","local","wave",-0.610526315789474,0.001
1,"CV_t","range","local","wave",0.610526315789474,0.002
1,"CV_t","variance","local","wave",0.610526315789474,0.001
1,"CV_t","mean_lower","local","wave",-0.515789473684211,0.003
1,"CV_t","mean_upper","local","wave",-0.557894736842105,0.002
1,"RN","min","local","linear",0.231578947368421,0.177
1,"RN","max","local","linear",0.252631578947368,0.119
1,"RN","mean","local","linear",0.221052631578947,0.174
1,"RN","median","local","linear",0.221052631578947,0.186
1,"RN","slope","local","linear",1,0.001
1,"RN","range","local","linear",0.263157894736842,0.108
1,"RN","variance","local","linear",0.263157894736842,0.114
1,"RN","mean_lower","local","linear",0.0315789473684211,0.87
1,"RN","mean_upper","local","linear",0.452631578947368,0.007
1,"RN","min","local","gaussian",0.0315789473684211,0.851
1,"RN","max","local","gaussian",0.0315789473684211,0.885
1,"RN","mean","local","gaussian",0.0315789473684211,0.89
1,"RN","median","local","gaussian",0.0315789473684211,0.873
1,"RN","slope","local","gaussian",1,0.001
1,"RN","range","local","gaussian",-1,0.001
1,"RN","variance","local","gaussian",-1,0.001
1,"RN","mean_lower","local","gaussian",0.0315789473684211,0.861
1,"RN","mean_upper","local","gaussian",0.0315789473684211,0.892
1,"RN","min","local","sinusoidal",0.189473684210526,0.273
1,"RN","max","local","sinusoidal",0.0105263157894737,0.977
1,"RN","mean","local","sinusoidal",0.136842105263158,0.427
1,"RN","median","local","sinusoidal",0.136842105263158,0.41
1,"RN","slope","local","sinusoidal",1,0.001
1,"RN","range","local","sinusoidal",-1,0.001
1,"RN","variance","local","sinusoidal",-1,0.001
1,"RN","mean_lower","local","sinusoidal",0.0105263157894737,0.972
1,"RN","mean_upper","local","sinusoidal",0.189473684210526,0.252
1,"RN","min","local","wave",0.168421052631579,0.3
1,"RN","max","local","wave",0.126315789473684,0.448
1,"RN","mean","local","wave",0.147368421052632,0.378
1,"RN","median","local","wave",0.147368421052632,0.395
1,"RN","slope","local","wave",1,0.001
1,"RN","range","local","wave",-1,0.001
1,"RN","variance","local","wave",-1,0.001
1,"RN","mean_lower","local","wave",0.126315789473684,0.466
1,"RN","mean_upper","local","wave",0.168421052631579,0.318
1,"RNN","min","local","linear",NA,NA
1,"RNN","max","local","linear",NA,NA
1,"RNN","mean","local","linear",NA,NA
1,"RNN","median","local","linear",NA,NA
1,"RNN","slope","local","linear",NA,NA
1,"RNN","range","local","linear",NA,NA
1,"RNN","variance","local","linear",NA,NA
1,"RNN","mean_lower","local","linear",NA,NA
1,"RNN","mean_upper","local","linear",NA,NA
1,"RNN","min","local","gaussian",NA,NA
1,"RNN","max","local","gaussian",NA,NA
1,"RNN","mean","local","gaussian",NA,NA
1,"RNN","median","local","gaussian",NA,NA
1,"RNN","slope","local","gaussian",NA,NA
1,"RNN","range","local","gaussian",NA,NA
1,"RNN","variance","local","gaussian",NA,NA
1,"RNN","mean_lower","local","gaussian",NA,NA
1,"RNN","mean_upper","local","gaussian",NA,NA
1,"RNN","min","local","sinusoidal",NA,NA
1,"RNN","max","local","sinusoidal",NA,NA
1,"RNN","mean","local","sinusoidal",NA,NA
1,"RNN","median","local","sinusoidal",NA,NA
1,"RNN","slope","local","sinusoidal",NA,NA
1,"RNN","range","local","sinusoidal",NA,NA
1,"RNN","variance","local","sinusoidal",NA,NA
1,"RNN","mean_lower","local","sinusoidal",NA,NA
1,"RNN","mean_upper","local","sinusoidal",NA,NA
1,"RNN","min","local","wave",NA,NA
1,"RNN","max","local","wave",NA,NA
1,"RNN","mean","local","wave",NA,NA
1,"RNN","median","local","wave",NA,NA
1,"RNN","slope","local","wave",NA,NA
1,"RNN","range","local","wave",NA,NA
1,"RNN","variance","local","wave",NA,NA
1,"RNN","mean_lower","local","wave",NA,NA
1,"RNN","mean_upper","local","wave",NA,NA
1,"D_slope","min","local","linear",0.0421052631578947,0.819
1,"D_slope","max","local","linear",0.273684210526316,0.101
1,"D_slope","mean","local","linear",0.178947368421053,0.286
1,"D_slope","median","local","linear",0.178947368421053,0.259
1,"D_slope","slope","local","linear",0.263157894736842,0.115
1,"D_slope","range","local","linear",1,0.001
1,"D_slope","variance","local","linear",1,0.001
1,"D_slope","mean_lower","local","linear",0.136842105263158,0.43
1,"D_slope","mean_upper","local","linear",0.2,0.238
1,"D_slope","min","local","gaussian",-0.0315789473684211,0.882
1,"D_slope","max","local","gaussian",-0.0315789473684211,0.892
1,"D_slope","mean","local","gaussian",-0.0315789473684211,0.89
1,"D_slope","median","local","gaussian",-0.0315789473684211,0.864
1,"D_slope","slope","local","gaussian",-1,0.001
1,"D_slope","range","local","gaussian",1,0.001
1,"D_slope","variance","local","gaussian",1,0.001
1,"D_slope","mean_lower","local","gaussian",-0.0315789473684211,0.888
1,"D_slope","mean_upper","local","gaussian",-0.0315789473684211,0.883
1,"D_slope","min","local","sinusoidal",-0.189473684210526,0.258
1,"D_slope","max","local","sinusoidal",-0.0105263157894737,0.983
1,"D_slope","mean","local","sinusoidal",-0.136842105263158,0.429
1,"D_slope","median","local","sinusoidal",-0.136842105263158,0.402
1,"D_slope","slope","local","sinusoidal",-1,0.001
1,"D_slope","range","local","sinusoidal",1,0.001
1,"D_slope","variance","local","sinusoidal",1,0.001
1,"D_slope","mean_lower","local","sinusoidal",-0.0105263157894737,0.985
1,"D_slope","mean_upper","local","sinusoidal",-0.189473684210526,0.268
1,"D_slope","min","local","wave",-0.168421052631579,0.326
1,"D_slope","max","local","wave",-0.126315789473684,0.448
1,"D_slope","mean","local","wave",-0.147368421052632,0.373
1,"D_slope","median","local","wave",-0.147368421052632,0.391
1,"D_slope","slope","local","wave",-1,0.001
1,"D_slope","range","local","wave",1,0.001
1,"D_slope","variance","local","wave",1,0.001
1,"D_slope","mean_lower","local","wave",-0.126315789473684,0.448
1,"D_slope","mean_upper","local","wave",-0.168421052631579,0.317
1,"RC","min","local","linear",-0.326315789473684,0.05
1,"RC","max","local","linear",-0.0947368421052632,0.574
1,"RC","mean","local","linear",-0.189473684210526,0.251
1,"RC","median","local","linear",-0.189473684210526,0.255
1,"RC","slope","local","linear",0.105263157894737,0.559
1,"RC","range","local","linear",0.631578947368421,0.001
1,"RC","variance","local","linear",0.631578947368421,0.001
1,"RC","mean_lower","local","linear",-0.210526315789474,0.191
1,"RC","mean_upper","local","linear",-0.147368421052632,0.384
1,"RC","min","local","gaussian",-0.442105263157895,0.007
1,"RC","max","local","gaussian",-0.442105263157895,0.008
1,"RC","mean","local","gaussian",-0.442105263157895,0.004
1,"RC","median","local","gaussian",-0.442105263157895,0.012
1,"RC","slope","local","gaussian",-0.589473684210526,0.001
1,"RC","range","local","gaussian",0.589473684210526,0.001
1,"RC","variance","local","gaussian",0.589473684210526,0.001
1,"RC","mean_lower","local","gaussian",-0.442105263157895,0.008
1,"RC","mean_upper","local","gaussian",-0.442105263157895,0.013
1,"RC","min","local","sinusoidal",-0.589473684210526,0.001
1,"RC","max","local","sinusoidal",-0.410526315789474,0.009
1,"RC","mean","local","sinusoidal",-0.536842105263158,0.003
1,"RC","median","local","sinusoidal",-0.536842105263158,0.001
1,"RC","slope","local","sinusoidal",-0.6,0.001
1,"RC","range","local","sinusoidal",0.6,0.001
1,"RC","variance","local","sinusoidal",0.6,0.001
1,"RC","mean_lower","local","sinusoidal",-0.410526315789474,0.012
1,"RC","mean_upper","local","sinusoidal",-0.589473684210526,0.001
1,"RC","min","local","wave",-0.557894736842105,0.001
1,"RC","max","local","wave",-0.515789473684211,0.003
1,"RC","mean","local","wave",-0.536842105263158,0.002
1,"RC","median","local","wave",-0.536842105263158,0.002
1,"RC","slope","local","wave",-0.610526315789474,0.002
1,"RC","range","local","wave",0.610526315789474,0.001
1,"RC","variance","local","wave",0.610526315789474,0.001
1,"RC","mean_lower","local","wave",-0.515789473684211,0.001
1,"RC","mean_upper","local","wave",-0.557894736842105,0.002
1,"gPi","min","local","linear",-0.326315789473684,0.048
1,"gPi","max","local","linear",-0.0947368421052632,0.585
1,"gPi","mean","local","linear",-0.189473684210526,0.27
1,"gPi","median","local","linear",-0.189473684210526,0.259
1,"gPi","slope","local","linear",0.105263157894737,0.57
1,"gPi","range","local","linear",0.631578947368421,0.001
1,"gPi","variance","local","linear",0.631578947368421,0.001
1,"gPi","mean_lower","local","linear",-0.210526315789474,0.204
1,"gPi","mean_upper","local","linear",-0.147368421052632,0.398
1,"gPi","min","local","gaussian",-0.442105263157895,0.003
1,"gPi","max","local","gaussian",-0.442105263157895,0.009
1,"gPi","mean","local","gaussian",-0.442105263157895,0.009
1,"gPi","median","local","gaussian",-0.442105263157895,0.004
1,"gPi","slope","local","gaussian",-0.589473684210526,0.001
1,"gPi","range","local","gaussian",0.589473684210526,0.001
1,"gPi","variance","local","gaussian",0.589473684210526,0.002
1,"gPi","mean_lower","local","gaussian",-0.442105263157895,0.007
1,"gPi","mean_upper","local","gaussian",-0.442105263157895,0.008
1,"gPi","min","local","sinusoidal",-0.589473684210526,0.001
1,"gPi","max","local","sinusoidal",-0.410526315789474,0.012
1,"gPi","mean","local","sinusoidal",-0.536842105263158,0.001
1,"gPi","median","local","sinusoidal",-0.536842105263158,0.001
1,"gPi","slope","local","sinusoidal",-0.6,0.001
1,"gPi","range","local","sinusoidal",0.6,0.002
1,"gPi","variance","local","sinusoidal",0.6,0.001
1,"gPi","mean_lower","local","sinusoidal",-0.410526315789474,0.01
1,"gPi","mean_upper","local","sinusoidal",-0.589473684210526,0.001
1,"gPi","min","local","wave",-0.557894736842105,0.001
1,"gPi","max","local","wave",-0.515789473684211,0.001
1,"gPi","mean","local","wave",-0.536842105263158,0.001
1,"gPi","median","local","wave",-0.536842105263158,0.001
1,"gPi","slope","local","wave",-0.610526315789474,0.001
1,"gPi","range","local","wave",0.610526315789474,0.001
1,"gPi","variance","local","wave",0.610526315789474,0.001
1,"gPi","mean_lower","local","wave",-0.515789473684211,0.001
1,"gPi","mean_upper","local","wave",-0.557894736842105,0.002
1,"PPF","min","local","linear",-0.263157894736842,0.112
1,"PPF","max","local","linear",-0.0526315789473684,0.798
1,"PPF","mean","local","linear",-0.147368421052632,0.395
1,"PPF","median","local","linear",-0.147368421052632,0.364
1,"PPF","slope","local","linear",0.189473684210526,0.283
1,"PPF","range","local","linear",0.652631578947369,0.001
1,"PPF","variance","local","linear",0.652631578947369,0.001
1,"PPF","mean_lower","local","linear",-0.210526315789474,0.196
1,"PPF","mean_upper","local","linear",-0.0631578947368421,0.743
1,"PPF","min","local","gaussian",-0.442105263157895,0.009
1,"PPF","max","local","gaussian",-0.442105263157895,0.007
1,"PPF","mean","local","gaussian",-0.442105263157895,0.006
1,"PPF","median","local","gaussian",-0.442105263157895,0.006
1,"PPF","slope","local","gaussian",-0.589473684210526,0.001
1,"PPF","range","local","gaussian",0.589473684210526,0.002
1,"PPF","variance","local","gaussian",0.589473684210526,0.001
1,"PPF","mean_lower","local","gaussian",-0.442105263157895,0.009
1,"PPF","mean_upper","local","gaussian",-0.442105263157895,0.008
1,"PPF","min","local","sinusoidal",-0.589473684210526,0.001
1,"PPF","max","local","sinusoidal",-0.410526315789474,0.016
1,"PPF","mean","local","sinusoidal",-0.536842105263158,0.001
1,"PPF","median","local","sinusoidal",-0.536842105263158,0.001
1,"PPF","slope","local","sinusoidal",-0.6,0.001
1,"PPF","range","local","sinusoidal",0.6,0.001
1,"PPF","variance","local","sinusoidal",0.6,0.001
1,"PPF","mean_lower","local","sinusoidal",-0.410526315789474,0.011
1,"PPF","mean_upper","local","sinusoidal",-0.589473684210526,0.001
1,"PPF","min","local","wave",-0.557894736842105,0.001
1,"PPF","max","local","wave",-0.515789473684211,0.002
1,"PPF","mean","local","wave",-0.536842105263158,0.002
1,"PPF","median","local","wave",-0.536842105263158,0.001
1,"PPF","slope","local","wave",-0.610526315789474,0.001
1,"PPF","range","local","wave",0.610526315789474,0.001
1,"PPF","variance","local","wave",0.610526315789474,0.001
1,"PPF","mean_lower","local","wave",-0.515789473684211,0.003
1,"PPF","mean_upper","local","wave",-0.557894736842105,0.002
1,"PPi","min","local","linear",-0.326315789473684,0.049
1,"PPi","max","local","linear",-0.0947368421052632,0.607
1,"PPi","mean","local","linear",-0.189473684210526,0.266
1,"PPi","median","local","linear",-0.189473684210526,0.236
1,"PPi","slope","local","linear",0.105263157894737,0.567
1,"PPi","range","local","linear",0.631578947368421,0.001
1,"PPi","variance","local","linear",0.631578947368421,0.001
1,"PPi","mean_lower","local","linear",-0.210526315789474,0.223
1,"PPi","mean_upper","local","linear",-0.147368421052632,0.383
1,"PPi","min","local","gaussian",-0.442105263157895,0.004
1,"PPi","max","local","gaussian",-0.442105263157895,0.008
1,"PPi","mean","local","gaussian",-0.442105263157895,0.007
1,"PPi","median","local","gaussian",-0.442105263157895,0.007
1,"PPi","slope","local","gaussian",-0.589473684210526,0.002
1,"PPi","range","local","gaussian",0.589473684210526,0.001
1,"PPi","variance","local","gaussian",0.589473684210526,0.001
1,"PPi","mean_lower","local","gaussian",-0.442105263157895,0.004
1,"PPi","mean_upper","local","gaussian",-0.442105263157895,0.003
1,"PPi","min","local","sinusoidal",-0.589473684210526,0.002
1,"PPi","max","local","sinusoidal",-0.410526315789474,0.008
1,"PPi","mean","local","sinusoidal",-0.536842105263158,0.001
1,"PPi","median","local","sinusoidal",-0.536842105263158,0.002
1,"PPi","slope","local","sinusoidal",-0.6,0.001
1,"PPi","range","local","sinusoidal",0.6,0.001
1,"PPi","variance","local","sinusoidal",0.6,0.001
1,"PPi","mean_lower","local","sinusoidal",-0.410526315789474,0.016
1,"PPi","mean_upper","local","sinusoidal",-0.589473684210526,0.001
1,"PPi","min","local","wave",-0.557894736842105,0.003
1,"PPi","max","local","wave",-0.515789473684211,0.004
1,"PPi","mean","local","wave",-0.536842105263158,0.003
1,"PPi","median","local","wave",-0.536842105263158,0.001
1,"PPi","slope","local","wave",-0.610526315789474,0.001
1,"PPi","range","local","wave",0.610526315789474,0.001
1,"PPi","variance","local","wave",0.610526315789474,0.001
1,"PPi","mean_lower","local","wave",-0.515789473684211,0.001
1,"PPi","mean_upper","local","wave",-0.557894736842105,0.001
1,"PImd","min","local","linear",-0.326315789473684,0.039
1,"PImd","max","local","linear",-0.0947368421052632,0.594
1,"PImd","mean","local","linear",-0.189473684210526,0.258
1,"PImd","median","local","linear",-0.189473684210526,0.248
1,"PImd","slope","local","linear",0.105263157894737,0.537
1,"PImd","range","local","linear",0.631578947368421,0.001
1,"PImd","variance","local","linear",0.631578947368421,0.001
1,"PImd","mean_lower","local","linear",-0.210526315789474,0.193
1,"PImd","mean_upper","local","linear",-0.147368421052632,0.405
1,"PImd","min","local","gaussian",-0.442105263157895,0.008
1,"PImd","max","local","gaussian",-0.442105263157895,0.007
1,"PImd","mean","local","gaussian",-0.442105263157895,0.007
1,"PImd","median","local","gaussian",-0.442105263157895,0.008
1,"PImd","slope","local","gaussian",-0.589473684210526,0.001
1,"PImd","range","local","gaussian",0.589473684210526,0.002
1,"PImd","variance","local","gaussian",0.589473684210526,0.001
1,"PImd","mean_lower","local","gaussian",-0.442105263157895,0.004
1,"PImd","mean_upper","local","gaussian",-0.442105263157895,0.008
1,"PImd","min","local","sinusoidal",-0.589473684210526,0.001
1,"PImd","max","local","sinusoidal",-0.410526315789474,0.006
1,"PImd","mean","local","sinusoidal",-0.536842105263158,0.002
1,"PImd","median","local","sinusoidal",-0.536842105263158,0.002
1,"PImd","slope","local","sinusoidal",-0.6,0.001
1,"PImd","range","local","sinusoidal",0.6,0.001
1,"PImd","variance","local","sinusoidal",0.6,0.001
1,"PImd","mean_lower","local","sinusoidal",-0.410526315789474,0.013
1,"PImd","mean_upper","local","sinusoidal",-0.589473684210526,0.001
1,"PImd","min","local","wave",-0.557894736842105,0.001
1,"PImd","max","local","wave",-0.515789473684211,0.002
1,"PImd","mean","local","wave",-0.536842105263158,0.002
1,"PImd","median","local","wave",-0.536842105263158,0.002
1,"PImd","slope","local","wave",-0.610526315789474,0.001
1,"PImd","range","local","wave",0.610526315789474,0.001
1,"PImd","variance","local","wave",0.610526315789474,0.001
1,"PImd","mean_lower","local","wave",-0.515789473684211,0.003
1,"PImd","mean_upper","local","wave",-0.557894736842105,0.001
1,"PILSM","min","local","linear",-0.326315789473684,0.046
1,"PILSM","max","local","linear",-0.0947368421052632,0.58
1,"PILSM","mean","local","linear",-0.189473684210526,0.24
1,"PILSM","median","local","linear",-0.189473684210526,0.247
1,"PILSM","slope","local","linear",0.105263157894737,0.551
1,"PILSM","range","local","linear",0.631578947368421,0.001
1,"PILSM","variance","local","linear",0.631578947368421,0.001
1,"PILSM","mean_lower","local","linear",-0.210526315789474,0.205
1,"PILSM","mean_upper","local","linear",-0.147368421052632,0.359
1,"PILSM","min","local","gaussian",-0.442105263157895,0.005
1,"PILSM","max","local","gaussian",-0.442105263157895,0.009
1,"PILSM","mean","local","gaussian",-0.442105263157895,0.009
1,"PILSM","median","local","gaussian",-0.442105263157895,0.004
1,"PILSM","slope","local","gaussian",-0.589473684210526,0.001
1,"PILSM","range","local","gaussian",0.589473684210526,0.001
1,"PILSM","variance","local","gaussian",0.589473684210526,0.001
1,"PILSM","mean_lower","local","gaussian",-0.442105263157895,0.004
1,"PILSM","mean_upper","local","gaussian",-0.442105263157895,0.005
1,"PILSM","min","local","sinusoidal",-0.589473684210526,0.001
1,"PILSM","max","local","sinusoidal",-0.410526315789474,0.012
1,"PILSM","mean","local","sinusoidal",-0.536842105263158,0.004
1,"PILSM","median","local","sinusoidal",-0.536842105263158,0.002
1,"PILSM","slope","local","sinusoidal",-0.6,0.001
1,"PILSM","range","local","sinusoidal",0.6,0.001
1,"PILSM","variance","local","sinusoidal",0.6,0.001
1,"PILSM","mean_lower","local","sinusoidal",-0.410526315789474,0.008
1,"PILSM","mean_upper","local","sinusoidal",-0.589473684210526,0.001
1,"PILSM","min","local","wave",-0.557894736842105,0.001
1,"PILSM","max","local","wave",-0.515789473684211,0.003
1,"PILSM","mean","local","wave",-0.536842105263158,0.001
1,"PILSM","median","local","wave",-0.536842105263158,0.001
1,"PILSM","slope","local","wave",-0.610526315789474,0.001
1,"PILSM","range","local","wave",0.610526315789474,0.001
1,"PILSM","variance","local","wave",0.610526315789474,0.001
1,"PILSM","mean_lower","local","wave",-0.515789473684211,0.001
1,"PILSM","mean_upper","local","wave",-0.557894736842105,0.001
1,"RTR","min","local","linear",0.168421052631579,0.346
1,"RTR","max","local","linear",0.189473684210526,0.27
1,"RTR","mean","local","linear",0.157894736842105,0.353
1,"RTR","median","local","linear",0.157894736842105,0.348
1,"RTR","slope","local","linear",0.831578947368421,0.001
1,"RTR","range","local","linear",0.2,0.241
1,"RTR","variance","local","linear",0.2,0.226
1,"RTR","mean_lower","local","linear",-0.0315789473684211,0.878
1,"RTR","mean_upper","local","linear",0.389473684210526,0.023
1,"RTR","min","local","gaussian",0.442105263157895,0.006
1,"RTR","max","local","gaussian",0.442105263157895,0.003
1,"RTR","mean","local","gaussian",0.442105263157895,0.008
1,"RTR","median","local","gaussian",0.442105263157895,0.008
1,"RTR","slope","local","gaussian",0.589473684210526,0.001
1,"RTR","range","local","gaussian",-0.589473684210526,0.001
1,"RTR","variance","local","gaussian",-0.589473684210526,0.001
1,"RTR","mean_lower","local","gaussian",0.442105263157895,0.003
1,"RTR","mean_upper","local","gaussian",0.442105263157895,0.01
1,"RTR","min","local","sinusoidal",0.589473684210526,0.003
1,"RTR","max","local","sinusoidal",0.410526315789474,0.015
1,"RTR","mean","local","sinusoidal",0.536842105263158,0.001
1,"RTR","median","local","sinusoidal",0.536842105263158,0.001
1,"RTR","slope","local","sinusoidal",0.6,0.001
1,"RTR","range","local","sinusoidal",-0.6,0.001
1,"RTR","variance","local","sinusoidal",-0.6,0.001
1,"RTR","mean_lower","local","sinusoidal",0.410526315789474,0.015
1,"RTR","mean_upper","local","sinusoidal",0.589473684210526,0.002
1,"RTR","min","local","wave",0.557894736842105,0.001
1,"RTR","max","local","wave",0.515789473684211,0.002
1,"RTR","mean","local","wave",0.536842105263158,0.002
1,"RTR","median","local","wave",0.536842105263158,0.001
1,"RTR","slope","local","wave",0.610526315789474,0.002
1,"RTR","range","local","wave",-0.610526315789474,0.002
1,"RTR","variance","local","wave",-0.610526315789474,0.001
1,"RTR","mean_lower","local","wave",0.515789473684211,0.001
1,"RTR","mean_upper","local","wave",0.557894736842105,0.002
1,"PIR","min","local","linear",-0.305263157894737,0.065
1,"PIR","max","local","linear",-0.0736842105263158,0.686
1,"PIR","mean","local","linear",-0.168421052631579,0.323
1,"PIR","median","local","linear",-0.168421052631579,0.322
1,"PIR","slope","local","linear",0.0210526315789474,0.922
1,"PIR","range","local","linear",0.610526315789474,0.001
1,"PIR","variance","local","linear",0.610526315789474,0.002
1,"PIR","mean_lower","local","linear",-0.147368421052632,0.389
1,"PIR","mean_upper","local","linear",-0.189473684210526,0.253
1,"PIR","min","local","gaussian",-0.442105263157895,0.005
1,"PIR","max","local","gaussian",-0.442105263157895,0.007
1,"PIR","mean","local","gaussian",-0.442105263157895,0.01
1,"PIR","median","local","gaussian",-0.442105263157895,0.006
1,"PIR","slope","local","gaussian",-0.589473684210526,0.001
1,"PIR","range","local","gaussian",0.589473684210526,0.001
1,"PIR","variance","local","gaussian",0.589473684210526,0.001
1,"PIR","mean_lower","local","gaussian",-0.442105263157895,0.006
1,"PIR","mean_upper","local","gaussian",-0.442105263157895,0.01
1,"PIR","min","local","sinusoidal",-0.589473684210526,0.001
1,"PIR","max","local","sinusoidal",-0.410526315789474,0.008
1,"PIR","mean","local","sinusoidal",-0.536842105263158,0.002
1,"PIR","median","local","sinusoidal",-0.536842105263158,0.002
1,"PIR","slope","local","sinusoidal",-0.6,0.001
1,"PIR","range","local","sinusoidal",0.6,0.001
1,"PIR","variance","local","sinusoidal",0.6,0.001
1,"PIR","mean_lower","local","sinusoidal",-0.410526315789474,0.008
1,"PIR","mean_upper","local","sinusoidal",-0.589473684210526,0.001
1,"PIR","min","local","wave",-0.557894736842105,0.001
1,"PIR","max","local","wave",-0.515789473684211,0.001
1,"PIR","mean","local","wave",-0.536842105263158,0.001
1,"PIR","median","local","wave",-0.536842105263158,0.001
1,"PIR","slope","local","wave",-0.610526315789474,0.001
1,"PIR","range","local","wave",0.610526315789474,0.001
1,"PIR","variance","local","wave",0.610526315789474,0.001
1,"PIR","mean_lower","local","wave",-0.515789473684211,0.002
1,"PIR","mean_upper","local","wave",-0.557894736842105,0.001
1,"RDPI","min","local","linear",-0.326315789473684,0.042
1,"RDPI","max","local","linear",-0.0947368421052632,0.563
1,"RDPI","mean","local","linear",-0.189473684210526,0.263
1,"RDPI","median","local","linear",-0.189473684210526,0.262
1,"RDPI","slope","local","linear",0.105263157894737,0.525
1,"RDPI","range","local","linear",0.631578947368421,0.001
1,"RDPI","variance","local","linear",0.631578947368421,0.002
1,"RDPI","mean_lower","local","linear",-0.210526315789474,0.214
1,"RDPI","mean_upper","local","linear",-0.147368421052632,0.389
1,"RDPI","min","local","gaussian",-0.442105263157895,0.002
1,"RDPI","max","local","gaussian",-0.442105263157895,0.006
1,"RDPI","mean","local","gaussian",-0.442105263157895,0.007
1,"RDPI","median","local","gaussian",-0.442105263157895,0.01
1,"RDPI","slope","local","gaussian",-0.589473684210526,0.001
1,"RDPI","range","local","gaussian",0.589473684210526,0.001
1,"RDPI","variance","local","gaussian",0.589473684210526,0.001
1,"RDPI","mean_lower","local","gaussian",-0.442105263157895,0.005
1,"RDPI","mean_upper","local","gaussian",-0.442105263157895,0.005
1,"RDPI","min","local","sinusoidal",-0.589473684210526,0.001
1,"RDPI","max","local","sinusoidal",-0.410526315789474,0.014
1,"RDPI","mean","local","sinusoidal",-0.536842105263158,0.001
1,"RDPI","median","local","sinusoidal",-0.536842105263158,0.001
1,"RDPI","slope","local","sinusoidal",-0.6,0.001
1,"RDPI","range","local","sinusoidal",0.6,0.001
1,"RDPI","variance","local","sinusoidal",0.6,0.001
1,"RDPI","mean_lower","local","sinusoidal",-0.410526315789474,0.014
1,"RDPI","mean_upper","local","sinusoidal",-0.589473684210526,0.001
1,"RDPI","min","local","wave",-0.557894736842105,0.001
1,"RDPI","max","local","wave",-0.515789473684211,0.001
1,"RDPI","mean","local","wave",-0.536842105263158,0.001
1,"RDPI","median","local","wave",-0.536842105263158,0.002
1,"RDPI","slope","local","wave",-0.610526315789474,0.001
1,"RDPI","range","local","wave",0.610526315789474,0.001
1,"RDPI","variance","local","wave",0.610526315789474,0.001
1,"RDPI","mean_lower","local","wave",-0.515789473684211,0.002
1,"RDPI","mean_upper","local","wave",-0.557894736842105,0.001
1,"ESPI","min","local","linear",0.0421052631578947,0.823
1,"ESPI","max","local","linear",0.273684210526316,0.106
1,"ESPI","mean","local","linear",0.178947368421053,0.272
1,"ESPI","median","local","linear",0.178947368421053,0.275
1,"ESPI","slope","local","linear",0.263157894736842,0.111
1,"ESPI","range","local","linear",1,0.001
1,"ESPI","variance","local","linear",1,0.001
1,"ESPI","mean_lower","local","linear",0.136842105263158,0.401
1,"ESPI","mean_upper","local","linear",0.2,0.237
1,"ESPI","min","local","gaussian",-0.0315789473684211,0.881
1,"ESPI","max","local","gaussian",-0.0315789473684211,0.876
1,"ESPI","mean","local","gaussian",-0.0315789473684211,0.855
1,"ESPI","median","local","gaussian",-0.0315789473684211,0.895
1,"ESPI","slope","local","gaussian",-1,0.001
1,"ESPI","range","local","gaussian",1,0.001
1,"ESPI","variance","local","gaussian",1,0.001
1,"ESPI","mean_lower","local","gaussian",-0.0315789473684211,0.877
1,"ESPI","mean_upper","local","gaussian",-0.0315789473684211,0.881
1,"ESPI","min","local","sinusoidal",-0.189473684210526,0.238
1,"ESPI","max","local","sinusoidal",-0.0105263157894737,0.98
1,"ESPI","mean","local","sinusoidal",-0.136842105263158,0.413
1,"ESPI","median","local","sinusoidal",-0.136842105263158,0.422
1,"ESPI","slope","local","sinusoidal",-1,0.001
1,"ESPI","range","local","sinusoidal",1,0.001
1,"ESPI","variance","local","sinusoidal",1,0.001
1,"ESPI","mean_lower","local","sinusoidal",-0.0105263157894737,0.973
1,"ESPI","mean_upper","local","sinusoidal",-0.189473684210526,0.248
1,"ESPI","min","local","wave",-0.168421052631579,0.31
1,"ESPI","max","local","wave",-0.126315789473684,0.471
1,"ESPI","mean","local","wave",-0.147368421052632,0.384
1,"ESPI","median","local","wave",-0.147368421052632,0.376
1,"ESPI","slope","local","wave",-1,0.001
1,"ESPI","range","local","wave",1,0.001
1,"ESPI","variance","local","wave",1,0.001
1,"ESPI","mean_lower","local","wave",-0.126315789473684,0.466
1,"ESPI","mean_upper","local","wave",-0.168421052631579,0.302
1,"ESPIID","min","local","linear",0.0421052631578947,0.825
1,"ESPIID","max","local","linear",0.273684210526316,0.107
1,"ESPIID","mean","local","linear",0.178947368421053,0.297
1,"ESPIID","median","local","linear",0.178947368421053,0.28
1,"ESPIID","slope","local","linear",0.263157894736842,0.107
1,"ESPIID","range","local","linear",1,0.001
1,"ESPIID","variance","local","linear",1,0.001
1,"ESPIID","mean_lower","local","linear",0.136842105263158,0.415
1,"ESPIID","mean_upper","local","linear",0.2,0.249
1,"ESPIID","min","local","gaussian",-0.0315789473684211,0.879
1,"ESPIID","max","local","gaussian",-0.0315789473684211,0.861
1,"ESPIID","mean","local","gaussian",-0.0315789473684211,0.862
1,"ESPIID","median","local","gaussian",-0.0315789473684211,0.862
1,"ESPIID","slope","local","gaussian",-1,0.001
1,"ESPIID","range","local","gaussian",1,0.001
1,"ESPIID","variance","local","gaussian",1,0.001
1,"ESPIID","mean_lower","local","gaussian",-0.0315789473684211,0.882
1,"ESPIID","mean_upper","local","gaussian",-0.0315789473684211,0.873
1,"ESPIID","min","local","sinusoidal",-0.189473684210526,0.285
1,"ESPIID","max","local","sinusoidal",-0.0105263157894737,0.972
1,"ESPIID","mean","local","sinusoidal",-0.136842105263158,0.428
1,"ESPIID","median","local","sinusoidal",-0.136842105263158,0.416
1,"ESPIID","slope","local","sinusoidal",-1,0.001
1,"ESPIID","range","local","sinusoidal",1,0.001
1,"ESPIID","variance","local","sinusoidal",1,0.001
1,"ESPIID","mean_lower","local","sinusoidal",-0.0105263157894737,0.983
1,"ESPIID","mean_upper","local","sinusoidal",-0.189473684210526,0.258
1,"ESPIID","min","local","wave",-0.168421052631579,0.307
1,"ESPIID","max","local","wave",-0.126315789473684,0.448
1,"ESPIID","mean","local","wave",-0.147368421052632,0.365
1,"ESPIID","median","local","wave",-0.147368421052632,0.381
1,"ESPIID","slope","local","wave",-1,0.001
1,"ESPIID","range","local","wave",1,0.001
1,"ESPIID","variance","local","wave",1,0.001
1,"ESPIID","mean_lower","local","wave",-0.126315789473684,0.478
1,"ESPIID","mean_upper","local","wave",-0.168421052631579,0.309
1,"PSI","min","local","linear",-0.0421052631578947,0.818
1,"PSI","max","local","linear",-0.273684210526316,0.106
1,"PSI","mean","local","linear",-0.178947368421053,0.304
1,"PSI","median","local","linear",-0.178947368421053,0.29
1,"PSI","slope","local","linear",-0.263157894736842,0.115
1,"PSI","range","local","linear",-1,0.001
1,"PSI","variance","local","linear",-1,0.001
1,"PSI","mean_lower","local","linear",-0.136842105263158,0.439
1,"PSI","mean_upper","local","linear",-0.2,0.244
1,"PSI","min","local","gaussian",0.0315789473684211,0.849
1,"PSI","max","local","gaussian",0.0315789473684211,0.883
1,"PSI","mean","local","gaussian",0.0315789473684211,0.867
1,"PSI","median","local","gaussian",0.0315789473684211,0.869
1,"PSI","slope","local","gaussian",1,0.001
1,"PSI","range","local","gaussian",-1,0.001
1,"PSI","variance","local","gaussian",-1,0.001
1,"PSI","mean_lower","local","gaussian",0.0315789473684211,0.88
1,"PSI","mean_upper","local","gaussian",0.0315789473684211,0.882
1,"PSI","min","local","sinusoidal",0.189473684210526,0.264
1,"PSI","max","local","sinusoidal",0.0105263157894737,0.979
1,"PSI","mean","local","sinusoidal",0.136842105263158,0.416
1,"PSI","median","local","sinusoidal",0.136842105263158,0.411
1,"PSI","slope","local","sinusoidal",1,0.001
1,"PSI","range","local","sinusoidal",-1,0.001
1,"PSI","variance","local","sinusoidal",-1,0.001
1,"PSI","mean_lower","local","sinusoidal",0.0105263157894737,0.974
1,"PSI","mean_upper","local","sinusoidal",0.189473684210526,0.242
1,"PSI","min","local","wave",0.168421052631579,0.317
1,"PSI","max","local","wave",0.126315789473684,0.477
1,"PSI","mean","local","wave",0.147368421052632,0.387
1,"PSI","median","local","wave",0.147368421052632,0.375
1,"PSI","slope","local","wave",1,0.001
1,"PSI","range","local","wave",-1,0.001
1,"PSI","variance","local","wave",-1,0.001
1,"PSI","mean_lower","local","wave",0.126315789473684,0.433
1,"PSI","mean_upper","local","wave",0.168421052631579,0.319
1,"RPI","min","local","linear",-0.326315789473684,0.046
1,"RPI","max","local","linear",-0.0947368421052632,0.604
1,"RPI","mean","local","linear",-0.189473684210526,0.248
1,"RPI","median","local","linear",-0.189473684210526,0.24
1,"RPI","slope","local","linear",0.105263157894737,0.523
1,"RPI","range","local","linear",0.631578947368421,0.001
1,"RPI","variance","local","linear",0.631578947368421,0.001
1,"RPI","mean_lower","local","linear",-0.210526315789474,0.213
1,"RPI","mean_upper","local","linear",-0.147368421052632,0.415
1,"RPI","min","local","gaussian",-0.442105263157895,0.006
1,"RPI","max","local","gaussian",-0.442105263157895,0.008
1,"RPI","mean","local","gaussian",-0.442105263157895,0.007
1,"RPI","median","local","gaussian",-0.442105263157895,0.007
1,"RPI","slope","local","gaussian",-0.589473684210526,0.001
1,"RPI","range","local","gaussian",0.589473684210526,0.001
1,"RPI","variance","local","gaussian",0.589473684210526,0.001
1,"RPI","mean_lower","local","gaussian",-0.442105263157895,0.003
1,"RPI","mean_upper","local","gaussian",-0.442105263157895,0.004
1,"RPI","min","local","sinusoidal",-0.589473684210526,0.001
1,"RPI","max","local","sinusoidal",-0.410526315789474,0.007
1,"RPI","mean","local","sinusoidal",-0.536842105263158,0.002
1,"RPI","median","local","sinusoidal",-0.536842105263158,0.002
1,"RPI","slope","local","sinusoidal",-0.6,0.001
1,"RPI","range","local","sinusoidal",0.6,0.001
1,"RPI","variance","local","sinusoidal",0.6,0.001
1,"RPI","mean_lower","local","sinusoidal",-0.410526315789474,0.018
1,"RPI","mean_upper","local","sinusoidal",-0.589473684210526,0.001
1,"RPI","min","local","wave",-0.557894736842105,0.001
1,"RPI","max","local","wave",-0.515789473684211,0.003
1,"RPI","mean","local","wave",-0.536842105263158,0.001
1,"RPI","median","local","wave",-0.536842105263158,0.003
1,"RPI","slope","local","wave",-0.610526315789474,0.001
1,"RPI","range","local","wave",0.610526315789474,0.001
1,"RPI","variance","local","wave",0.610526315789474,0.001
1,"RPI","mean_lower","local","wave",-0.515789473684211,0.006
1,"RPI","mean_upper","local","wave",-0.557894736842105,0.003
1,"PQ","min","local","linear",0.0421052631578947,0.819
1,"PQ","max","local","linear",0.273684210526316,0.102
1,"PQ","mean","local","linear",0.178947368421053,0.282
1,"PQ","median","local","linear",0.178947368421053,0.296
1,"PQ","slope","local","linear",0.263157894736842,0.108
1,"PQ","range","local","linear",1,0.001
1,"PQ","variance","local","linear",1,0.001
1,"PQ","mean_lower","local","linear",0.136842105263158,0.44
1,"PQ","mean_upper","local","linear",0.2,0.237
1,"PQ","min","local","gaussian",-0.0315789473684211,0.859
1,"PQ","max","local","gaussian",-0.0315789473684211,0.865
1,"PQ","mean","local","gaussian",-0.0315789473684211,0.876
1,"PQ","median","local","gaussian",-0.0315789473684211,0.861
1,"PQ","slope","local","gaussian",-1,0.001
1,"PQ","range","local","gaussian",1,0.001
1,"PQ","variance","local","gaussian",1,0.001
1,"PQ","mean_lower","local","gaussian",-0.0315789473684211,0.877
1,"PQ","mean_upper","local","gaussian",-0.0315789473684211,0.889
1,"PQ","min","local","sinusoidal",-0.189473684210526,0.24
1,"PQ","max","local","sinusoidal",-0.0105263157894737,0.978
1,"PQ","mean","local","sinusoidal",-0.136842105263158,0.41
1,"PQ","median","local","sinusoidal",-0.136842105263158,0.425
1,"PQ","slope","local","sinusoidal",-1,0.001
1,"PQ","range","local","sinusoidal",1,0.001
1,"PQ","variance","local","sinusoidal",1,0.001
1,"PQ","mean_lower","local","sinusoidal",-0.0105263157894737,0.97
1,"PQ","mean_upper","local","sinusoidal",-0.189473684210526,0.279
1,"PQ","min","local","wave",-0.168421052631579,0.347
1,"PQ","max","local","wave",-0.126315789473684,0.428
1,"PQ","mean","local","wave",-0.147368421052632,0.394
1,"PQ","median","local","wave",-0.147368421052632,0.395
1,"PQ","slope","local","wave",-1,0.001
1,"PQ","range","local","wave",1,0.001
1,"PQ","variance","local","wave",1,0.001
1,"PQ","mean_lower","local","wave",-0.126315789473684,0.475
1,"PQ","mean_upper","local","wave",-0.168421052631579,0.307
1,"PR","min","local","linear",0.0421052631578947,0.819
1,"PR","max","local","linear",0.273684210526316,0.091
1,"PR","mean","local","linear",0.178947368421053,0.295
1,"PR","median","local","linear",0.178947368421053,0.287
1,"PR","slope","local","linear",0.263157894736842,0.119
1,"PR","range","local","linear",1,0.001
1,"PR","variance","local","linear",1,0.001
1,"PR","mean_lower","local","linear",0.136842105263158,0.433
1,"PR","mean_upper","local","linear",0.2,0.238
1,"PR","min","local","gaussian",-0.0315789473684211,0.869
1,"PR","max","local","gaussian",-0.0315789473684211,0.891
1,"PR","mean","local","gaussian",-0.0315789473684211,0.869
1,"PR","median","local","gaussian",-0.0315789473684211,0.879
1,"PR","slope","local","gaussian",-1,0.001
1,"PR","range","local","gaussian",1,0.001
1,"PR","variance","local","gaussian",1,0.001
1,"PR","mean_lower","local","gaussian",-0.0315789473684211,0.868
1,"PR","mean_upper","local","gaussian",-0.0315789473684211,0.855
1,"PR","min","local","sinusoidal",-0.189473684210526,0.259
1,"PR","max","local","sinusoidal",-0.0105263157894737,0.98
1,"PR","mean","local","sinusoidal",-0.136842105263158,0.407
1,"PR","median","local","sinusoidal",-0.136842105263158,0.404
1,"PR","slope","local","sinusoidal",-1,0.001
1,"PR","range","local","sinusoidal",1,0.001
1,"PR","variance","local","sinusoidal",1,0.001
1,"PR","mean_lower","local","sinusoidal",-0.0105263157894737,0.978
1,"PR","mean_upper","local","sinusoidal",-0.189473684210526,0.275
1,"PR","min","local","wave",-0.168421052631579,0.323
1,"PR","max","local","wave",-0.126315789473684,0.454
1,"PR","mean","local","wave",-0.147368421052632,0.399
1,"PR","median","local","wave",-0.147368421052632,0.389
1,"PR","slope","local","wave",-1,0.001
1,"PR","range","local","wave",1,0.001
1,"PR","variance","local","wave",1,0.001
1,"PR","mean_lower","local","wave",-0.126315789473684,0.444
1,"PR","mean_upper","local","wave",-0.168421052631579,0.325
1,"NRW","min","local","linear",0.0421052631578947,0.825
1,"NRW","max","local","linear",0.273684210526316,0.089
1,"NRW","mean","local","linear",0.178947368421053,0.294
1,"NRW","median","local","linear",0.178947368421053,0.288
1,"NRW","slope","local","linear",0.263157894736842,0.112
1,"NRW","range","local","linear",1,0.001
1,"NRW","variance","local","linear",1,0.001
1,"NRW","mean_lower","local","linear",0.136842105263158,0.421
1,"NRW","mean_upper","local","linear",0.2,0.211
1,"NRW","min","local","gaussian",-0.0315789473684211,0.873
1,"NRW","max","local","gaussian",-0.0315789473684211,0.866
1,"NRW","mean","local","gaussian",-0.0315789473684211,0.87
1,"NRW","median","local","gaussian",-0.0315789473684211,0.876
1,"NRW","slope","local","gaussian",-1,0.001
1,"NRW","range","local","gaussian",1,0.001
1,"NRW","variance","local","gaussian",1,0.001
1,"NRW","mean_lower","local","gaussian",-0.0315789473684211,0.858
1,"NRW","mean_upper","local","gaussian",-0.0315789473684211,0.881
1,"NRW","min","local","sinusoidal",-0.189473684210526,0.247
1,"NRW","max","local","sinusoidal",-0.0105263157894737,0.978
1,"NRW","mean","local","sinusoidal",-0.136842105263158,0.392
1,"NRW","median","local","sinusoidal",-0.136842105263158,0.415
1,"NRW","slope","local","sinusoidal",-1,0.001
1,"NRW","range","local","sinusoidal",1,0.001
1,"NRW","variance","local","sinusoidal",1,0.001
1,"NRW","mean_lower","local","sinusoidal",-0.0105263157894737,0.979
1,"NRW","mean_upper","local","sinusoidal",-0.189473684210526,0.277
1,"NRW","min","local","wave",-0.168421052631579,0.316
1,"NRW","max","local","wave",-0.126315789473684,0.463
1,"NRW","mean","local","wave",-0.147368421052632,0.41
1,"NRW","median","local","wave",-0.147368421052632,0.41
1,"NRW","slope","local","wave",-1,0.001
1,"NRW","range","local","wave",1,0.001
1,"NRW","variance","local","wave",1,0.001
1,"NRW","mean_lower","local","wave",-0.126315789473684,0.455
1,"NRW","mean_upper","local","wave",-0.168421052631579,0.308
1,"ESP","min","local","linear",-0.326315789473684,0.055
1,"ESP","max","local","linear",-0.0947368421052632,0.557
1,"ESP","mean","local","linear",-0.189473684210526,0.237
1,"ESP","median","local","linear",-0.189473684210526,0.274
1,"ESP","slope","local","linear",0.105263157894737,0.554
1,"ESP","range","local","linear",0.631578947368421,0.001
1,"ESP","variance","local","linear",0.631578947368421,0.001
1,"ESP","mean_lower","local","linear",-0.210526315789474,0.193
1,"ESP","mean_upper","local","linear",-0.147368421052632,0.4
1,"ESP","min","local","gaussian",-0.442105263157895,0.004
1,"ESP","max","local","gaussian",-0.442105263157895,0.006
1,"ESP","mean","local","gaussian",-0.442105263157895,0.007
1,"ESP","median","local","gaussian",-0.442105263157895,0.007
1,"ESP","slope","local","gaussian",-0.589473684210526,0.001
1,"ESP","range","local","gaussian",0.589473684210526,0.001
1,"ESP","variance","local","gaussian",0.589473684210526,0.001
1,"ESP","mean_lower","local","gaussian",-0.442105263157895,0.004
1,"ESP","mean_upper","local","gaussian",-0.442105263157895,0.008
1,"ESP","min","local","sinusoidal",-0.589473684210526,0.001
1,"ESP","max","local","sinusoidal",-0.410526315789474,0.012
1,"ESP","mean","local","sinusoidal",-0.536842105263158,0.002
1,"ESP","median","local","sinusoidal",-0.536842105263158,0.001
1,"ESP","slope","local","sinusoidal",-0.6,0.001
1,"ESP","range","local","sinusoidal",0.6,0.001
1,"ESP","variance","local","sinusoidal",0.6,0.001
1,"ESP","mean_lower","local","sinusoidal",-0.410526315789474,0.01
1,"ESP","mean_upper","local","sinusoidal",-0.589473684210526,0.003
1,"ESP","min","local","wave",-0.557894736842105,0.001
1,"ESP","max","local","wave",-0.515789473684211,0.001
1,"ESP","mean","local","wave",-0.536842105263158,0.002
1,"ESP","median","local","wave",-0.536842105263158,0.002
1,"ESP","slope","local","wave",-0.610526315789474,0.001
1,"ESP","range","local","wave",0.610526315789474,0.001
1,"ESP","variance","local","wave",0.610526315789474,0.001
1,"ESP","mean_lower","local","wave",-0.515789473684211,0.004
1,"ESP","mean_upper","local","wave",-0.557894736842105,0.001
1,"CEV","min","local","linear",-0.326315789473684,0.035
1,"CEV","max","local","linear",-0.0947368421052632,0.594
1,"CEV","mean","local","linear",-0.189473684210526,0.27
1,"CEV","median","local","linear",-0.189473684210526,0.241
1,"CEV","slope","local","linear",0.105263157894737,0.548
1,"CEV","range","local","linear",0.631578947368421,0.001
1,"CEV","variance","local","linear",0.631578947368421,0.001
1,"CEV","mean_lower","local","linear",-0.210526315789474,0.201
1,"CEV","mean_upper","local","linear",-0.147368421052632,0.379
1,"CEV","min","local","gaussian",-0.442105263157895,0.007
1,"CEV","max","local","gaussian",-0.442105263157895,0.006
1,"CEV","mean","local","gaussian",-0.442105263157895,0.006
1,"CEV","median","local","gaussian",-0.442105263157895,0.009
1,"CEV","slope","local","gaussian",-0.589473684210526,0.001
1,"CEV","range","local","gaussian",0.589473684210526,0.001
1,"CEV","variance","local","gaussian",0.589473684210526,0.001
1,"CEV","mean_lower","local","gaussian",-0.442105263157895,0.004
1,"CEV","mean_upper","local","gaussian",-0.442105263157895,0.011
1,"CEV","min","local","sinusoidal",-0.589473684210526,0.001
1,"CEV","max","local","sinusoidal",-0.410526315789474,0.006
1,"CEV","mean","local","sinusoidal",-0.536842105263158,0.001
1,"CEV","median","local","sinusoidal",-0.536842105263158,0.002
1,"CEV","slope","local","sinusoidal",-0.6,0.001
1,"CEV","range","local","sinusoidal",0.6,0.001
1,"CEV","variance","local","sinusoidal",0.6,0.001
1,"CEV","mean_lower","local","sinusoidal",-0.410526315789474,0.013
1,"CEV","mean_upper","local","sinusoidal",-0.589473684210526,0.001
1,"CEV","min","local","wave",-0.557894736842105,0.001
1,"CEV","max","local","wave",-0.515789473684211,0.002
1,"CEV","mean","local","wave",-0.536842105263158,0.001
1,"CEV","median","local","wave",-0.536842105263158,0.004
1,"CEV","slope","local","wave",-0.610526315789474,0.001
1,"CEV","range","local","wave",0.610526315789474,0.001
1,"CEV","variance","local","wave",0.610526315789474,0.001
1,"CEV","mean_lower","local","wave",-0.515789473684211,0.002
1,"CEV","mean_upper","local","wave",-0.557894736842105,0.001
1,"PFI","min","local","linear",-0.326315789473684,0.052
1,"PFI","max","local","linear",-0.0947368421052632,0.582
1,"PFI","mean","local","linear",-0.189473684210526,0.267
1,"PFI","median","local","linear",-0.189473684210526,0.279
1,"PFI","slope","local","linear",0.105263157894737,0.55
1,"PFI","range","local","linear",0.631578947368421,0.001
1,"PFI","variance","local","linear",0.631578947368421,0.001
1,"PFI","mean_lower","local","linear",-0.210526315789474,0.218
1,"PFI","mean_upper","local","linear",-0.147368421052632,0.388
1,"PFI","min","local","gaussian",-0.442105263157895,0.01
1,"PFI","max","local","gaussian",-0.442105263157895,0.006
1,"PFI","mean","local","gaussian",-0.442105263157895,0.008
1,"PFI","median","local","gaussian",-0.442105263157895,0.009
1,"PFI","slope","local","gaussian",-0.589473684210526,0.001
1,"PFI","range","local","gaussian",0.589473684210526,0.001
1,"PFI","variance","local","gaussian",0.589473684210526,0.001
1,"PFI","mean_lower","local","gaussian",-0.442105263157895,0.006
1,"PFI","mean_upper","local","gaussian",-0.442105263157895,0.01
1,"PFI","min","local","sinusoidal",-0.589473684210526,0.001
1,"PFI","max","local","sinusoidal",-0.410526315789474,0.007
1,"PFI","mean","local","sinusoidal",-0.536842105263158,0.002
1,"PFI","median","local","sinusoidal",-0.536842105263158,0.001
1,"PFI","slope","local","sinusoidal",-0.6,0.001
1,"PFI","range","local","sinusoidal",0.6,0.001
1,"PFI","variance","local","sinusoidal",0.6,0.001
1,"PFI","mean_lower","local","sinusoidal",-0.410526315789474,0.016
1,"PFI","mean_upper","local","sinusoidal",-0.589473684210526,0.001
1,"PFI","min","local","wave",-0.557894736842105,0.001
1,"PFI","max","local","wave",-0.515789473684211,0.002
1,"PFI","mean","local","wave",-0.536842105263158,0.002
1,"PFI","median","local","wave",-0.536842105263158,0.002
1,"PFI","slope","local","wave",-0.610526315789474,0.002
1,"PFI","range","local","wave",0.610526315789474,0.001
1,"PFI","variance","local","wave",0.610526315789474,0.001
1,"PFI","mean_lower","local","wave",-0.515789473684211,0.001
1,"PFI","mean_upper","local","wave",-0.557894736842105,0.002
1,"APC","min","local","linear",0.0421052631578947,0.837
1,"APC","max","local","linear",0.273684210526316,0.104
1,"APC","mean","local","linear",0.178947368421053,0.292
1,"APC","median","local","linear",0.178947368421053,0.283
1,"APC","slope","local","linear",0.263157894736842,0.123
1,"APC","range","local","linear",1,0.001
1,"APC","variance","local","linear",1,0.001
1,"APC","mean_lower","local","linear",0.136842105263158,0.416
1,"APC","mean_upper","local","linear",0.2,0.234
1,"APC","min","local","gaussian",-0.0315789473684211,0.864
1,"APC","max","local","gaussian",-0.0315789473684211,0.886
1,"APC","mean","local","gaussian",-0.0315789473684211,0.872
1,"APC","median","local","gaussian",-0.0315789473684211,0.887
1,"APC","slope","local","gaussian",-1,0.001
1,"APC","range","local","gaussian",1,0.001
1,"APC","variance","local","gaussian",1,0.001
1,"APC","mean_lower","local","gaussian",-0.0315789473684211,0.856
1,"APC","mean_upper","local","gaussian",-0.0315789473684211,0.863
1,"APC","min","local","sinusoidal",-0.189473684210526,0.273
1,"APC","max","local","sinusoidal",-0.0105263157894737,0.974
1,"APC","mean","local","sinusoidal",-0.136842105263158,0.434
1,"APC","median","local","sinusoidal",-0.136842105263158,0.411
1,"APC","slope","local","sinusoidal",-1,0.001
1,"APC","range","local","sinusoidal",1,0.001
1,"APC","variance","local","sinusoidal",1,0.001
1,"APC","mean_lower","local","sinusoidal",-0.0105263157894737,0.973
1,"APC","mean_upper","local","sinusoidal",-0.189473684210526,0.254
1,"APC","min","local","wave",-0.168421052631579,0.322
1,"APC","max","local","wave",-0.126315789473684,0.461
1,"APC","mean","local","wave",-0.147368421052632,0.379
1,"APC","median","local","wave",-0.147368421052632,0.367
1,"APC","slope","local","wave",-1,0.001
1,"APC","range","local","wave",1,0.001
1,"APC","variance","local","wave",1,0.001
1,"APC","mean_lower","local","wave",-0.126315789473684,0.465
1,"APC","mean_upper","local","wave",-0.168421052631579,0.309
1,"SI","min","local","linear",-0.2,0.23
1,"SI","max","local","linear",0.0315789473684211,0.858
1,"SI","mean","local","linear",-0.0631578947368421,0.733
1,"SI","median","local","linear",-0.0631578947368421,0.734
1,"SI","slope","local","linear",0.126315789473684,0.482
1,"SI","range","local","linear",0.757894736842105,0.001
1,"SI","variance","local","linear",0.757894736842105,0.001
1,"SI","mean_lower","local","linear",-0.0842105263157895,0.631
1,"SI","mean_upper","local","linear",-0.0421052631578947,0.821
1,"SI","min","local","gaussian",-0.326315789473684,0.053
1,"SI","max","local","gaussian",-0.326315789473684,0.059
1,"SI","mean","local","gaussian",-0.326315789473684,0.04
1,"SI","median","local","gaussian",-0.326315789473684,0.048
1,"SI","slope","local","gaussian",-0.705263157894737,0.001
1,"SI","range","local","gaussian",0.705263157894737,0.001
1,"SI","variance","local","gaussian",0.705263157894737,0.001
1,"SI","mean_lower","local","gaussian",-0.326315789473684,0.061
1,"SI","mean_upper","local","gaussian",-0.326315789473684,0.062
1,"SI","min","local","sinusoidal",-0.463157894736842,0.002
1,"SI","max","local","sinusoidal",-0.28421052631579,0.089
1,"SI","mean","local","sinusoidal",-0.410526315789474,0.012
1,"SI","median","local","sinusoidal",-0.410526315789474,0.012
1,"SI","slope","local","sinusoidal",-0.726315789473684,0.001
1,"SI","range","local","sinusoidal",0.726315789473684,0.001
1,"SI","variance","local","sinusoidal",0.726315789473684,0.001
1,"SI","mean_lower","local","sinusoidal",-0.28421052631579,0.086
1,"SI","mean_upper","local","sinusoidal",-0.463157894736842,0.004
1,"SI","min","local","wave",-0.410526315789474,0.009
1,"SI","max","local","wave",-0.368421052631579,0.025
1,"SI","mean","local","wave",-0.389473684210526,0.02
1,"SI","median","local","wave",-0.389473684210526,0.019
1,"SI","slope","local","wave",-0.757894736842105,0.001
1,"SI","range","local","wave",0.757894736842105,0.001
1,"SI","variance","local","wave",0.757894736842105,0.001
1,"SI","mean_lower","local","wave",-0.368421052631579,0.025
1,"SI","mean_upper","local","wave",-0.410526315789474,0.013
1,"RSI","min","local","linear",0.326315789473684,0.039
1,"RSI","max","local","linear",0.0947368421052632,0.581
1,"RSI","mean","local","linear",0.189473684210526,0.283
1,"RSI","median","local","linear",0.189473684210526,0.314
1,"RSI","slope","local","linear",-0.105263157894737,0.538
1,"RSI","range","local","linear",-0.631578947368421,0.001
1,"RSI","variance","local","linear",-0.631578947368421,0.001
1,"RSI","mean_lower","local","linear",0.210526315789474,0.198
1,"RSI","mean_upper","local","linear",0.147368421052632,0.388
1,"RSI","min","local","gaussian",0.442105263157895,0.008
1,"RSI","max","local","gaussian",0.442105263157895,0.011
1,"RSI","mean","local","gaussian",0.442105263157895,0.006
1,"RSI","median","local","gaussian",0.442105263157895,0.013
1,"RSI","slope","local","gaussian",0.589473684210526,0.001
1,"RSI","range","local","gaussian",-0.589473684210526,0.001
1,"RSI","variance","local","gaussian",-0.589473684210526,0.001
1,"RSI","mean_lower","local","gaussian",0.442105263157895,0.002
1,"RSI","mean_upper","local","gaussian",0.442105263157895,0.009
1,"RSI","min","local","sinusoidal",0.589473684210526,0.001
1,"RSI","max","local","sinusoidal",0.410526315789474,0.01
1,"RSI","mean","local","sinusoidal",0.536842105263158,0.002
1,"RSI","median","local","sinusoidal",0.536842105263158,0.001
1,"RSI","slope","local","sinusoidal",0.6,0.001
1,"RSI","range","local","sinusoidal",-0.6,0.001
1,"RSI","variance","local","sinusoidal",-0.6,0.001
1,"RSI","mean_lower","local","sinusoidal",0.410526315789474,0.016
1,"RSI","mean_upper","local","sinusoidal",0.589473684210526,0.001
1,"RSI","min","local","wave",0.557894736842105,0.002
1,"RSI","max","local","wave",0.515789473684211,0.002
1,"RSI","mean","local","wave",0.536842105263158,0.004
1,"RSI","median","local","wave",0.536842105263158,0.001
1,"RSI","slope","local","wave",0.610526315789474,0.001
1,"RSI","range","local","wave",-0.610526315789474,0.001
1,"RSI","variance","local","wave",-0.610526315789474,0.001
1,"RSI","mean_lower","local","wave",0.515789473684211,0.001
1,"RSI","mean_upper","local","wave",0.557894736842105,0.002
1,"EVS","min","local","linear",0.0421052631578947,0.818
1,"EVS","max","local","linear",0.273684210526316,0.095
1,"EVS","mean","local","linear",0.178947368421053,0.282
1,"EVS","median","local","linear",0.178947368421053,0.281
1,"EVS","slope","local","linear",0.263157894736842,0.122
1,"EVS","range","local","linear",1,0.001
1,"EVS","variance","local","linear",1,0.001
1,"EVS","mean_lower","local","linear",0.136842105263158,0.427
1,"EVS","mean_upper","local","linear",0.2,0.214
1,"EVS","min","local","gaussian",-0.0315789473684211,0.884
1,"EVS","max","local","gaussian",-0.0315789473684211,0.862
1,"EVS","mean","local","gaussian",-0.0315789473684211,0.846
1,"EVS","median","local","gaussian",-0.0315789473684211,0.88
1,"EVS","slope","local","gaussian",-1,0.001
1,"EVS","range","local","gaussian",1,0.001
1,"EVS","variance","local","gaussian",1,0.001
1,"EVS","mean_lower","local","gaussian",-0.0315789473684211,0.877
1,"EVS","mean_upper","local","gaussian",-0.0315789473684211,0.875
1,"EVS","min","local","sinusoidal",-0.189473684210526,0.267
1,"EVS","max","local","sinusoidal",-0.0105263157894737,0.969
1,"EVS","mean","local","sinusoidal",-0.136842105263158,0.414
1,"EVS","median","local","sinusoidal",-0.136842105263158,0.415
1,"EVS","slope","local","sinusoidal",-1,0.001
1,"EVS","range","local","sinusoidal",1,0.001
1,"EVS","variance","local","sinusoidal",1,0.001
1,"EVS","mean_lower","local","sinusoidal",-0.0105263157894737,0.979
1,"EVS","mean_upper","local","sinusoidal",-0.189473684210526,0.263
1,"EVS","min","local","wave",-0.168421052631579,0.316
1,"EVS","max","local","wave",-0.126315789473684,0.467
1,"EVS","mean","local","wave",-0.147368421052632,0.395
1,"EVS","median","local","wave",-0.147368421052632,0.407
1,"EVS","slope","local","wave",-1,0.001
1,"EVS","range","local","wave",1,0.001
1,"EVS","variance","local","wave",1,0.001
1,"EVS","mean_lower","local","wave",-0.126315789473684,0.482
1,"EVS","mean_upper","local","wave",-0.168421052631579,0.306
